,Iterations,Cost
0,0,22.41883282
1,1,22.3750879
2,2,21.74538379
3,3,21.20992707
4,4,21.1815526
5,5,21.25978612
6,6,21.13282545
7,7,21.04982625
8,8,20.89804498
9,9,20.76556393
10,10,20.84143192
11,11,20.45014142
12,12,20.33896313
13,13,20.22344925
14,14,20.23166719
15,15,20.36256581
16,16,20.24484528
17,17,20.22423995
18,18,20.31793312
19,19,20.20681196
20,20,20.1327902
21,21,20.27482742
22,22,20.22300021
23,23,20.25284057
24,24,20.25310525
25,25,20.255716
26,26,20.13293917
27,27,20.09687781
28,28,20.23913536
29,29,20.2181776
30,30,20.18390353
31,31,20.1183802
32,32,19.86923153
33,33,19.74005122
34,34,19.72877433
35,35,19.70042586
36,36,19.69229166
37,37,19.84754096
38,38,19.82903391
39,39,19.75990546
40,40,19.65968606
41,41,19.68161001
42,42,19.62367119
43,43,19.68177665
44,44,19.74328421
45,45,19.73618702
46,46,19.71357744
47,47,19.67541724
48,48,19.66496834
49,49,19.0256652
50,50,19.05470554
51,51,19.0196675
52,52,19.02362463
53,53,19.0523003
54,54,19.03131163
55,55,19.01012478
56,56,19.03796971
57,57,19.06578554
58,58,19.11195767
59,59,19.11369636
60,60,19.27391969
61,61,19.43383042
62,62,19.40844484
63,63,19.31050908
64,64,19.49959272
65,65,19.46304511
66,66,19.62889376
67,67,19.63723378
68,68,19.93860406
69,69,19.56095523
70,70,19.54533325
71,71,19.54778855
72,72,19.52500597
73,73,19.18790661
74,74,19.18288361
75,75,18.54124348
76,76,18.55451912
77,77,18.44349362
78,78,18.54282667
79,79,18.32161444
80,80,18.28424931
81,81,18.25371077
82,82,18.23023773
83,83,18.28502707
84,84,18.25042517
85,85,18.20256674
86,86,18.2411643
87,87,18.28004483
88,88,18.46523404
89,89,18.37263865
90,90,18.43047174
91,91,17.92745224
92,92,17.91750649
93,93,17.9326982
94,94,18.08780209
95,95,18.30661102
96,96,18.01044739
97,97,17.53091393
98,98,17.33636689
99,99,17.35269648
100,100,17.31337075
101,101,17.32108714
102,102,17.09505284
103,103,17.10563278
104,104,17.11180908
105,105,16.89446167
106,106,16.95143234
107,107,16.93167235
108,108,16.94461851
109,109,16.93626404
110,110,16.91365096
111,111,16.967927
112,112,16.89766806
113,113,16.92172896
114,114,16.92064791
115,115,16.92108906
116,116,16.92580986
117,117,16.92776709
118,118,16.87678233
119,119,16.74233558
120,120,16.73362078
121,121,16.7184204
122,122,16.69530844
123,123,16.66188768
124,124,16.70273571
125,125,16.70153492
126,126,16.71709468
127,127,16.74646047
128,128,16.7583474
129,129,16.77133149
130,130,16.782411
131,131,16.76503664
132,132,16.76340092
133,133,16.76962725
134,134,16.78986679
135,135,16.78723815
136,136,16.75364271
137,137,16.84906303
138,138,16.82366761
139,139,16.88268996
140,140,16.89160351
141,141,16.87826309
142,142,16.88142319
143,143,16.9178179
144,144,16.91903135
145,145,16.90596433
146,146,16.91038943
147,147,16.9151917
148,148,16.92362135
149,149,16.93156112
150,150,17.00106483
151,151,17.05144217
152,152,16.75826497
153,153,16.77652657
154,154,16.77109693
155,155,16.91572297
156,156,16.97462924
157,157,16.96331652
158,158,16.87661031
159,159,16.88299345
160,160,16.806841
161,161,16.77803744
162,162,16.74318429
163,163,16.726068
164,164,16.80095174
165,165,16.8287418
166,166,16.74979536
167,167,16.76392928
168,168,16.7710039
169,169,16.81464944
170,170,16.81422531
171,171,16.75744825
172,172,16.72616401
173,173,16.72610016
174,174,16.73252661
175,175,16.65554003
176,176,16.65724028
177,177,16.67566491
178,178,16.67808724
179,179,16.66618334
180,180,16.77174399
181,181,16.77221598
182,182,16.50934743
183,183,16.48788313
184,184,16.4753498
185,185,16.47317748
186,186,16.47450386
187,187,16.49962343
188,188,16.49082969
189,189,16.49391089
190,190,16.4958607
191,191,16.49511093
192,192,16.48770112
193,193,16.52565804
194,194,16.53222751
195,195,16.59119609
196,196,16.58269622
197,197,16.54298501
198,198,16.58004996
199,199,16.56485528
200,200,16.54735064
201,201,16.5299557
202,202,16.5520296
203,203,16.57827929
204,204,16.59203913
205,205,16.59430849
206,206,16.59720925
207,207,16.65485611
208,208,16.66055524
209,209,16.6607051
210,210,16.6854919
211,211,16.74161231
212,212,16.81983708
213,213,16.89205666
214,214,16.96165992
215,215,16.95571291
216,216,16.96213393
217,217,16.96538451
218,218,16.96747776
219,219,17.00251775
220,220,17.00007548
221,221,17.0049684
222,222,17.01900121
223,223,17.0695879
224,224,17.14412607
225,225,17.14798085
226,226,17.13201827
227,227,17.10730793
228,228,17.04942397
229,229,16.97804321
230,230,16.90937629
231,231,16.92142039
232,232,16.97270046
233,233,16.97208429
234,234,16.97534316
235,235,16.93151577
236,236,16.97559042
237,237,16.9905598
238,238,17.02510421
239,239,17.00929035
240,240,17.03308688
241,241,16.99728347
242,242,16.99754278
243,243,16.98148199
244,244,16.98423854
245,245,16.98262816
246,246,16.98215917
247,247,16.98101877
248,248,17.01000006
249,249,17.02188801
250,250,16.90245574
251,251,16.93047429
252,252,16.81869983
253,253,16.84168259
254,254,16.90620885
255,255,16.93520392
256,256,16.96611995
257,257,16.93129419
258,258,16.93011415
259,259,16.96112976
260,260,16.94642043
261,261,16.96580398
262,262,16.9542628
263,263,16.96914617
264,264,16.97743949
265,265,16.968358
266,266,16.7660824
267,267,16.46197698
268,268,16.35247418
269,269,16.34770592
270,270,16.34318196
271,271,16.29539909
272,272,16.2922567
273,273,16.35372377
274,274,16.35363079
275,275,16.36656109
276,276,16.37058566
277,277,16.37286816
278,278,16.4060035
279,279,16.25247403
280,280,16.25676701
281,281,16.25909571
282,282,16.2895014
283,283,16.31358068
284,284,16.31531592
285,285,16.29070953
286,286,16.30250399
287,287,16.29703677
288,288,16.36970046
289,289,16.36795943
290,290,16.36605228
291,291,16.46550689
292,292,16.46605588
293,293,16.36175827
294,294,16.34886856
295,295,16.34288811
296,296,16.3253693
297,297,16.32684268
298,298,16.41631897
299,299,16.49228191
300,300,16.52082829
301,301,16.45991186
302,302,16.49330054
303,303,16.49385329
304,304,16.48299694
305,305,16.34174498
306,306,16.33193723
307,307,16.37286269
308,308,16.35417278
309,309,16.51686022
310,310,16.51496902
311,311,16.33520108
312,312,16.3121349
313,313,16.3815078
314,314,16.3589706
315,315,16.39440605
316,316,16.36129248
317,317,16.10375922
318,318,16.10724234
319,319,16.17202617
320,320,16.09142553
321,321,16.00799592
322,322,15.98649956
323,323,16.02857525
324,324,15.99327778
325,325,15.98327278
326,326,16.01296675
327,327,16.0126462
328,328,16.00113811
329,329,15.99204023
330,330,15.99186525
331,331,16.06428859
332,332,16.05512266
333,333,16.02173515
334,334,16.1292317
335,335,16.10997026
336,336,16.07746236
337,337,16.00234887
338,338,16.00523799
339,339,16.00004919
340,340,16.00024241
341,341,15.88056676
342,342,15.9646842
343,343,15.98207176
344,344,16.00272091
345,345,16.08174187
346,346,16.11633062
347,347,16.35317671
348,348,16.33436137
349,349,16.45190263
350,350,16.22526884
351,351,16.07080028
352,352,16.05874567
353,353,16.07680867
354,354,16.09244783
355,355,15.95779671
356,356,15.98642711
357,357,15.95548714
358,358,15.91455033
359,359,15.96913615
360,360,15.96520484
361,361,15.93190179
362,362,16.03803144
363,363,16.03858607
364,364,15.98970995
365,365,15.98091121
366,366,15.98402245
367,367,16.04317627
368,368,16.03376317
369,369,15.82921978
370,370,15.8309659
371,371,15.83007068
372,372,15.84480441
373,373,15.99254719
374,374,16.02405039
375,375,16.01310997
376,376,15.9691857
377,377,15.9116893
378,378,15.92467876
379,379,15.94930078
380,380,15.94661366
381,381,15.95000959
382,382,15.84298254
383,383,15.77226509
384,384,15.75172494
385,385,15.74599086
386,386,15.74434735
387,387,15.74189154
388,388,15.71381618
389,389,15.89001976
390,390,15.88352857
391,391,15.86513397
392,392,15.78337354
393,393,15.83953591
394,394,15.8674469
395,395,15.86130062
396,396,15.85889724
397,397,15.8547353
398,398,15.85589468
399,399,15.83670788
400,400,15.77258035
401,401,15.82728038
402,402,15.83419996
403,403,15.95061754
404,404,15.97387764
405,405,16.07000563
406,406,16.04234484
407,407,16.01906554
408,408,16.07180444
409,409,15.96826714
410,410,15.94823722
411,411,15.91293056
412,412,15.89068655
413,413,15.90992697
414,414,15.88964496
415,415,15.92204791
416,416,15.91254816
417,417,15.86958082
418,418,15.88108596
419,419,15.88990951
420,420,15.85600644
421,421,15.81879019
422,422,15.81492235
423,423,15.92255115
424,424,15.92237871
425,425,15.9954868
426,426,16.01491837
427,427,16.07989559
428,428,16.04160851
429,429,16.19132726
430,430,16.19138589
431,431,16.31801683
432,432,16.33404589
433,433,16.34567596
434,434,16.33739967
435,435,16.27264779
436,436,16.25159053
437,437,16.27085825
438,438,16.31625048
439,439,16.24827179
440,440,16.27107789
441,441,16.17296445
442,442,16.19662804
443,443,16.19838104
444,444,16.21487819
445,445,16.23518944
446,446,16.15656705
447,447,16.17354975
448,448,16.08726717
449,449,16.08847618
450,450,16.0750588
451,451,16.07739894
452,452,16.06316708
453,453,16.00838044
454,454,16.13321928
455,455,16.01031998
456,456,16.06311421
457,457,16.06476753
458,458,16.06401243
459,459,16.03690215
460,460,16.00795
461,461,15.9362757
462,462,15.94889909
463,463,15.93244949
464,464,15.93595984
465,465,15.93362994
466,466,15.91189211
467,467,15.88012252
468,468,15.84729144
469,469,15.82832076
470,470,15.84315348
471,471,15.84320845
472,472,15.84321332
473,473,15.75450574
474,474,15.77021552
475,475,15.79045182
476,476,15.78354913
477,477,15.7619018
478,478,15.66678178
479,479,15.66309962
480,480,15.66809431
481,481,15.69293435
482,482,15.6856838
483,483,15.67751673
484,484,15.68427393
485,485,15.71180174
486,486,15.71651521
487,487,15.68987109
488,488,15.69863199
489,489,15.69673269
490,490,15.69674455
491,491,15.65431774
492,492,15.64972218
493,493,15.66208336
494,494,15.66887848
495,495,15.68226946
496,496,15.6487906
497,497,15.67974638
498,498,15.67236057
499,499,15.69320591
500,500,15.68780379
501,501,15.64009321
502,502,15.65339855
503,503,15.64059763
504,504,15.62782744
505,505,15.6132778
506,506,15.6136838
507,507,15.60964749
508,508,15.64865664
509,509,15.65679161
510,510,15.64300938
511,511,15.63884747
512,512,15.65430693
513,513,15.67076688
514,514,15.64068861
515,515,15.6955816
516,516,15.68604682
517,517,15.69333327
518,518,15.76532196
519,519,15.68943659
520,520,15.69908524
521,521,15.61792924
522,522,15.62347286
523,523,15.61894548
524,524,15.63207926
525,525,15.58413885
526,526,15.60318253
527,527,15.59661095
528,528,15.59136273
529,529,15.58455947
530,530,15.57554763
531,531,15.63292387
532,532,15.67560953
533,533,15.66640822
534,534,15.64668497
535,535,15.63471044
536,536,15.67460388
537,537,15.66375542
538,538,15.67789341
539,539,15.73060736
540,540,15.73618942
541,541,15.77313141
542,542,15.69963815
543,543,15.68752798
544,544,15.76141683
545,545,15.7447005
546,546,15.70254041
547,547,15.70075903
548,548,15.69977391
549,549,15.68343326
550,550,15.65850004
551,551,15.8269192
552,552,16.04773
553,553,16.1188834
554,554,16.01428593
555,555,15.96522933
556,556,15.94731047
557,557,15.92265549
558,558,15.92979597
559,559,15.9418454
560,560,15.930144
561,561,15.9451733
562,562,15.88821291
563,563,15.89288281
564,564,15.8521549
565,565,15.79960043
566,566,15.74002328
567,567,15.79607177
568,568,15.7927083
569,569,15.75755417
570,570,15.77137068
571,571,15.78946881
572,572,15.83747637
573,573,15.8357956
574,574,15.83800176
575,575,15.86209824
576,576,15.86805104
577,577,15.86460016
578,578,15.86859861
579,579,15.87445002
580,580,15.8807242
581,581,15.87499761
582,582,15.82983244
583,583,15.84195417
584,584,15.92070267
585,585,15.90866874
586,586,15.82470283
587,587,15.81679
588,588,15.81978113
589,589,15.83466025
590,590,15.90985584
591,591,15.91348117
592,592,15.84515401
593,593,15.76621163
594,594,15.78153106
595,595,15.78185456
596,596,15.77668791
597,597,15.76372125
598,598,15.66827024
599,599,15.70274869
600,600,15.73566351
601,601,15.73385268
602,602,15.75789952
603,603,15.77313391
604,604,15.81745628
605,605,15.8309806
606,606,15.82351874
607,607,15.81940217
608,608,15.81499903
609,609,15.86353512
610,610,15.86374698
611,611,15.8698568
612,612,15.87271342
613,613,15.89747229
614,614,15.83022339
615,615,15.9486042
616,616,15.94855884
617,617,15.77763581
618,618,15.74389332
619,619,15.74560854
620,620,15.75389227
621,621,15.7569016
622,622,15.94789526
623,623,15.9212278
624,624,15.90839005
625,625,15.8280383
626,626,15.82605543
627,627,15.77546884
628,628,15.96462473
629,629,15.96618045
630,630,15.97675362
631,631,15.94556001
632,632,15.95930066
633,633,15.95958142
634,634,15.9655099
635,635,15.9143588
636,636,15.94017373
637,637,15.86636667
638,638,15.81635421
639,639,15.81179055
640,640,15.92955276
641,641,15.9629101
642,642,15.96706238
643,643,16.04521384
644,644,15.9667757
645,645,15.88670856
646,646,15.87610132
647,647,15.86594757
648,648,15.80642041
649,649,15.79629273
650,650,15.7964144
651,651,15.88868868
652,652,15.84279562
653,653,15.78554954
654,654,15.78409795
655,655,15.76680181
656,656,15.76910513
657,657,15.76120082
658,658,15.71195584
659,659,15.71683969
660,660,15.75608929
661,661,15.7914073
662,662,15.7936156
663,663,15.79103959
664,664,15.79811056
665,665,15.71811319
666,666,15.68283964
667,667,15.7161174
668,668,15.78640615
669,669,15.82461055
670,670,15.84774552
671,671,15.88404194
672,672,15.94796015
673,673,15.92535279
674,674,15.9104665
675,675,15.9303706
676,676,15.89330071
677,677,15.92854365
678,678,15.90485334
679,679,15.91008162
680,680,15.90924316
681,681,15.96874409
682,682,16.0057949
683,683,15.93339035
684,684,15.92511548
685,685,15.97250393
686,686,15.96830319
687,687,16.05409414
688,688,16.10286506
689,689,16.08777195
690,690,16.16697207
691,691,16.15964678
692,692,16.10716005
693,693,16.09126007
694,694,16.14092136
695,695,16.1109385
696,696,16.09525494
697,697,16.11668985
698,698,16.2373224
699,699,16.37548633
700,700,16.46151872
701,701,16.53669659
702,702,16.63309514
703,703,16.60055125
704,704,16.6254122
705,705,16.66227086
706,706,16.79018156
707,707,16.55742468
708,708,16.66763328
709,709,16.62307968
710,710,16.60983855
711,711,16.51624689
712,712,16.57255082
713,713,16.54977495
714,714,16.55070895
715,715,16.64337905
716,716,16.65624272
717,717,16.68309894
718,718,16.682313
719,719,16.6370994
720,720,16.62161519
721,721,16.65584081
722,722,16.64924402
723,723,16.71217788
724,724,16.72554684
725,725,16.4854432
726,726,16.51033306
727,727,16.48629188
728,728,16.49376974
729,729,16.47100348
730,730,16.40817334
731,731,16.41390124
732,732,16.4685639
733,733,16.56637756
734,734,16.50320519
735,735,16.42139011
736,736,16.36383288
737,737,16.41588743
738,738,16.18263282
739,739,16.17917591
740,740,15.83406061
741,741,15.84229951
742,742,15.84345398
743,743,15.85272492
744,744,15.84332149
745,745,15.79485947
746,746,15.78923614
747,747,15.8010282
748,748,15.74340153
749,749,15.7397506
750,750,15.79212748
751,751,15.79034437
752,752,15.82629882
753,753,15.78027942
754,754,15.79196459
755,755,15.82940806
756,756,15.78302619
757,757,15.70553262
758,758,15.71109577
759,759,15.70617426
760,760,15.67208796
761,761,15.68360789
762,762,15.70146865
763,763,15.78038257
764,764,15.77447045
765,765,15.83232761
766,766,15.95732741
767,767,16.01611935
768,768,15.95607836
769,769,15.80065711
770,770,15.85274787
771,771,15.92184983
772,772,15.93280269
773,773,15.92849059
774,774,15.90194137
775,775,15.87453002
776,776,15.84840411
777,777,15.88935644
778,778,15.93601271
779,779,15.90973142
780,780,15.94551459
781,781,15.94392006
782,782,15.93594259
783,783,16.0129695
784,784,16.03161238
785,785,16.03578416
786,786,16.00787166
787,787,15.88538405
788,788,15.91988652
789,789,15.92458154
790,790,15.92619812
791,791,15.93081742
792,792,15.93559034
793,793,15.92100572
794,794,15.79813433
795,795,15.81840729
796,796,15.75390145
797,797,15.75415036
798,798,15.73086557
799,799,15.72494476
800,800,15.74317586
801,801,15.76381114
802,802,15.80390928
803,803,15.74232063
804,804,15.74577231
805,805,15.66307175
806,806,15.6926439
807,807,15.69621933
808,808,15.69727883
809,809,15.74333922
810,810,15.68873485
811,811,15.72808651
812,812,15.72484771
813,813,15.66750897
814,814,15.67048513
815,815,15.69448951
816,816,15.6071777
817,817,15.6407166
818,818,15.64571247
819,819,15.65280671
820,820,15.64429152
821,821,15.63723705
822,822,15.74713749
823,823,15.74422572
824,824,15.62972051
825,825,15.62308566
826,826,15.66483124
827,827,15.71168354
828,828,15.68582212
829,829,15.63672403
830,830,15.5796293
831,831,15.57462665
832,832,15.57647856
833,833,15.62578416
834,834,15.61152175
835,835,15.61606993
836,836,15.65198444
837,837,15.65366722
838,838,15.73179096
839,839,15.72430688
840,840,15.69753098
841,841,15.68625419
842,842,15.68697209
843,843,15.85485973
844,844,15.88794922
845,845,15.88496753
846,846,15.91644148
847,847,15.94245924
848,848,15.77511527
849,849,15.80732346
850,850,15.79849967
851,851,15.80092505
852,852,15.76763676
853,853,15.71192779
854,854,15.71634574
855,855,15.72170749
856,856,15.71337966
857,857,15.74964197
858,858,15.72277397
859,859,15.73469781
860,860,15.84341122
861,861,15.7871712
862,862,15.7967215
863,863,15.76299507
864,864,15.79314774
865,865,15.76524407
866,866,15.8052041
867,867,15.81741256
868,868,15.8386938
869,869,15.97666437
870,870,15.90342925
871,871,16.00377918
872,872,15.97539362
873,873,16.00506151
874,874,16.02638421
875,875,15.98905855
876,876,15.98009207
877,877,16.02927555
878,878,16.11438325
879,879,16.1049744
880,880,16.02435792
881,881,16.03043075
882,882,16.03319248
883,883,15.94019246
884,884,16.0220947
885,885,16.11697505
886,886,16.03540655
887,887,16.00100167
888,888,16.00828761
889,889,16.02220792
890,890,16.04335366
891,891,16.06212339
892,892,16.06105316
893,893,16.09480086
894,894,16.05051526
895,895,16.03683715
896,896,16.03821315
897,897,15.89432803
898,898,15.87640359
899,899,15.8686679
900,900,15.83254555
901,901,15.88435326
902,902,15.8784594
903,903,15.87263636
904,904,15.87299505
905,905,15.85303723
906,906,15.87260261
907,907,15.87062174
908,908,15.87379264
909,909,15.89898084
910,910,15.9930708
911,911,15.97578064
912,912,16.00458516
913,913,15.98695658
914,914,15.96486917
915,915,15.94985274
916,916,16.03365116
917,917,15.96101598
918,918,15.91503364
919,919,15.91740084
920,920,15.92641008
921,921,15.91366101
922,922,15.94000494
923,923,15.80842175
924,924,15.73083114
925,925,15.75169147
926,926,15.75511678
927,927,15.75655822
928,928,15.72008321
929,929,15.72087461
930,930,15.72446241
931,931,15.56953985
932,932,15.59459008
933,933,15.5881045
934,934,15.58155632
935,935,15.57536808
936,936,15.61502323
937,937,15.62821823
938,938,15.63366441
939,939,15.66934774
940,940,15.68697386
941,941,15.67821818
942,942,15.6170886
943,943,15.63296861
944,944,15.63566649
945,945,15.73858709
946,946,15.77948453
947,947,15.78521861
948,948,15.78061216
949,949,15.78170037
950,950,15.77170202
951,951,15.74129753
952,952,15.64866337
953,953,15.6422642
954,954,15.58192917
955,955,15.55420964
956,956,15.55205727
957,957,15.53270256
958,958,15.55433299
959,959,15.56568039
960,960,15.64797734
961,961,15.66660149
962,962,15.65017986
963,963,15.60164761
964,964,15.59811517
965,965,15.64756099
966,966,15.62774287
967,967,15.72085422
968,968,15.71660644
969,969,15.7042481
970,970,15.74994473
971,971,15.72074933
972,972,15.72718863
973,973,15.72050654
974,974,15.73616065
975,975,15.69403333
976,976,15.69728651
977,977,15.71488678
978,978,15.66358346
979,979,15.66026266
980,980,15.64157293
981,981,15.67443707
982,982,15.67247544
983,983,15.6624263
984,984,15.71935024
985,985,15.70093058
986,986,15.65513366
987,987,15.65574631
988,988,15.67314967
989,989,15.64988051
990,990,15.63057048
991,991,15.63004186
992,992,15.64117927
993,993,15.64816912
994,994,15.68166292
995,995,15.73309104
996,996,15.8082022
997,997,15.80369588
998,998,15.78344111
999,999,15.7525649
1000,1000,15.75209965
1001,1001,15.80450471
1002,1002,15.79577311
1003,1003,15.83900807
1004,1004,15.83778222
1005,1005,15.83770159
1006,1006,15.65363509
1007,1007,15.56649341
1008,1008,15.56189105
1009,1009,15.53917797
1010,1010,15.52806327
1011,1011,15.53755429
1012,1012,15.53288208
1013,1013,15.53881405
1014,1014,15.54070615
1015,1015,15.51595448
1016,1016,15.5159349
1017,1017,15.51695441
1018,1018,15.52380343
1019,1019,15.51070016
1020,1020,15.5094621
1021,1021,15.51044891
1022,1022,15.51408765
1023,1023,15.51422425
1024,1024,15.51821107
1025,1025,15.54793476
1026,1026,15.53677698
1027,1027,15.53642179
1028,1028,15.50578756
1029,1029,15.50642827
1030,1030,15.49017504
1031,1031,15.49007369
1032,1032,15.52929724
1033,1033,15.5271803
1034,1034,15.52958481
1035,1035,15.53273707
1036,1036,15.54402248
1037,1037,15.5381489
1038,1038,15.53509601
1039,1039,15.53540408
1040,1040,15.51922737
1041,1041,15.52368764
1042,1042,15.52706803
1043,1043,15.53723602
1044,1044,15.56532225
1045,1045,15.58672536
1046,1046,15.57126032
1047,1047,15.59452461
1048,1048,15.59593049
1049,1049,15.57891003
1050,1050,15.62073873
1051,1051,15.63355053
1052,1052,15.55968748
1053,1053,15.56346547
1054,1054,15.5629723
1055,1055,15.56188544
1056,1056,15.52616285
1057,1057,15.51691756
1058,1058,15.55767988
1059,1059,15.55498372
1060,1060,15.56322986
1061,1061,15.50835276
1062,1062,15.50435988
1063,1063,15.50057338
1064,1064,15.49881937
1065,1065,15.50945901
1066,1066,15.49959393
1067,1067,15.50473699
1068,1068,15.51077029
1069,1069,15.49356321
1070,1070,15.51822276
1071,1071,15.54393619
1072,1072,15.52560654
1073,1073,15.51534152
1074,1074,15.51081752
1075,1075,15.51448701
1076,1076,15.51741152
1077,1077,15.51404628
1078,1078,15.5715118
1079,1079,15.70197793
1080,1080,15.64610099
1081,1081,15.64660369
1082,1082,15.65153275
1083,1083,15.69846415
1084,1084,15.70311981
1085,1085,15.72703607
1086,1086,15.61715881
1087,1087,15.59101033
1088,1088,15.60506561
1089,1089,15.5844318
1090,1090,15.58670054
1091,1091,15.58786708
1092,1092,15.56952038
1093,1093,15.57629417
1094,1094,15.57422609
1095,1095,15.56683894
1096,1096,15.56892045
1097,1097,15.53107638
1098,1098,15.61659711
1099,1099,15.59212689
1100,1100,15.58282361
1101,1101,15.60326872
1102,1102,15.69091871
1103,1103,15.74481394
1104,1104,15.71894946
1105,1105,15.77554151
1106,1106,15.81707358
1107,1107,15.86453948
1108,1108,15.8820135
1109,1109,15.85759754
1110,1110,15.87739035
1111,1111,15.99855395
1112,1112,15.92911921
1113,1113,15.96548539
1114,1114,15.95635369
1115,1115,15.9489541
1116,1116,15.95900994
1117,1117,16.00043574
1118,1118,15.99905536
1119,1119,15.99974031
1120,1120,16.00049335
1121,1121,16.01689883
1122,1122,16.01783205
1123,1123,16.00660614
1124,1124,16.0187903
1125,1125,16.01970577
1126,1126,16.19611508
1127,1127,15.94778546
1128,1128,15.93292682
1129,1129,15.93940833
1130,1130,15.86580135
1131,1131,15.8138637
1132,1132,15.86053977
1133,1133,15.81481418
1134,1134,15.73114894
1135,1135,15.76661811
1136,1136,15.77210857
1137,1137,15.70936443
1138,1138,15.73130334
1139,1139,15.66848512
1140,1140,15.66995188
1141,1141,15.68347398
1142,1142,15.66844469
1143,1143,15.6560173
1144,1144,15.66213501
1145,1145,15.75045225
1146,1146,15.80531353
1147,1147,15.83448378
1148,1148,15.97753833
1149,1149,16.00164371
1150,1150,16.04638817
1151,1151,15.81905216
1152,1152,15.82093885
1153,1153,15.84182153
1154,1154,15.79176552
1155,1155,15.67534894
1156,1156,15.72710425
1157,1157,15.63731657
1158,1158,15.71758774
1159,1159,15.73678607
1160,1160,15.77003331
1161,1161,15.6884504
1162,1162,15.67635418
1163,1163,15.6762042
1164,1164,15.70337098
1165,1165,15.65221625
1166,1166,15.65510649
1167,1167,15.63222695
1168,1168,15.61731022
1169,1169,15.67405658
1170,1170,15.66175442
1171,1171,15.73720128
1172,1172,15.7621679
1173,1173,15.74803882
1174,1174,15.70965544
1175,1175,15.68399796
1176,1176,15.70623152
1177,1177,15.6784286
1178,1178,15.77824057
1179,1179,15.77882669
1180,1180,15.73269568
1181,1181,15.7783427
1182,1182,15.73580945
1183,1183,15.71981049
1184,1184,15.71425513
1185,1185,15.72474644
1186,1186,15.72866259
1187,1187,15.66767639
1188,1188,15.72593106
1189,1189,15.70799101
1190,1190,15.692216
1191,1191,15.69043191
1192,1192,15.65903955
1193,1193,15.67638236
1194,1194,15.67411986
1195,1195,15.68979251
1196,1196,15.70544798
1197,1197,15.6964877
1198,1198,15.69611763
1199,1199,15.68002371
1200,1200,15.66205773
1201,1201,15.65708203
1202,1202,15.65528394
1203,1203,15.66069775
1204,1204,15.66148679
1205,1205,15.65935806
1206,1206,15.62145167
1207,1207,15.58688462
1208,1208,15.58104468
1209,1209,15.59205465
1210,1210,15.59616835
1211,1211,15.54650472
1212,1212,15.5085782
1213,1213,15.51560412
1214,1214,15.51337744
1215,1215,15.58806508
1216,1216,15.62199443
1217,1217,15.66890577
1218,1218,15.67027131
1219,1219,15.66389867
1220,1220,15.65861268
1221,1221,15.69644486
1222,1222,15.60884693
1223,1223,15.55410116
1224,1224,15.58630309
1225,1225,15.58029887
1226,1226,15.56983203
1227,1227,15.70802589
1228,1228,15.65048481
1229,1229,15.70696323
1230,1230,15.68041875
1231,1231,15.64526093
1232,1232,15.76863929
1233,1233,15.91728914
1234,1234,15.92195468
1235,1235,15.75908374
1236,1236,15.72390817
1237,1237,15.7462183
1238,1238,15.81288269
1239,1239,15.81532348
1240,1240,15.77832158
1241,1241,15.66793224
1242,1242,15.66971587
1243,1243,15.79759854
1244,1244,15.69859041
1245,1245,15.70003804
1246,1246,15.71305264
1247,1247,15.79059121
1248,1248,15.68620521
1249,1249,15.69976361
1250,1250,15.71423749
1251,1251,15.72886062
1252,1252,15.7301729
1253,1253,15.77580459
1254,1254,15.72909776
1255,1255,15.68419074
1256,1256,15.77932454
1257,1257,15.75749221
1258,1258,15.7145762
1259,1259,15.75094051
1260,1260,15.75643648
1261,1261,15.74567926
1262,1262,15.72468002
1263,1263,15.69338277
1264,1264,15.678761
1265,1265,15.55943049
1266,1266,15.57138367
1267,1267,15.5729328
1268,1268,15.63015278
1269,1269,15.62841931
1270,1270,15.61860054
1271,1271,15.63787804
1272,1272,15.6322124
1273,1273,15.66534927
1274,1274,15.53358501
1275,1275,15.57699196
1276,1276,15.59450763
1277,1277,15.62491422
1278,1278,15.59081794
1279,1279,15.58807017
1280,1280,15.63521371
1281,1281,15.6354741
1282,1282,15.63619521
1283,1283,15.64712947
1284,1284,15.58836033
1285,1285,15.67832349
1286,1286,15.69019913
1287,1287,15.71333829
1288,1288,15.72345686
1289,1289,15.70558921
1290,1290,15.69142113
1291,1291,15.63850733
1292,1292,15.73463483
1293,1293,15.72792827
1294,1294,15.71893239
1295,1295,15.65534522
1296,1296,15.63904164
1297,1297,15.53981926
1298,1298,15.57286623
1299,1299,15.57073696
1300,1300,15.55915987
1301,1301,15.57924481
1302,1302,15.49495074
1303,1303,15.48286897
1304,1304,15.49449361
1305,1305,15.49318674
1306,1306,15.53078565
1307,1307,15.54137638
1308,1308,15.52220366
1309,1309,15.47101684
1310,1310,15.47942897
1311,1311,15.46788493
1312,1312,15.45834245
1313,1313,15.46696776
1314,1314,15.44215473
1315,1315,15.4510097
1316,1316,15.46885197
1317,1317,15.47600657
1318,1318,15.44845359
1319,1319,15.43853747
1320,1320,15.45469601
1321,1321,15.45112375
1322,1322,15.46203484
1323,1323,15.4637919
1324,1324,15.4596163
1325,1325,15.46219156
1326,1326,15.45898227
1327,1327,15.48627864
1328,1328,15.49813035
1329,1329,15.43495076
1330,1330,15.43284864
1331,1331,15.43024756
1332,1332,15.47559328
1333,1333,15.47651391
1334,1334,15.47539077
1335,1335,15.51071942
1336,1336,15.51261445
1337,1337,15.49518024
1338,1338,15.46966802
1339,1339,15.43844436
1340,1340,15.43786654
1341,1341,15.46362892
1342,1342,15.4359036
1343,1343,15.48368081
1344,1344,15.48428966
1345,1345,15.47347244
1346,1346,15.50032668
1347,1347,15.50148797
1348,1348,15.50385754
1349,1349,15.51582701
1350,1350,15.50862445
1351,1351,15.5215875
1352,1352,15.51575836
1353,1353,15.54039568
1354,1354,15.46750331
1355,1355,15.4785358
1356,1356,15.47214551
1357,1357,15.47419436
1358,1358,15.51930589
1359,1359,15.47977795
1360,1360,15.52721987
1361,1361,15.55055239
1362,1362,15.64999133
1363,1363,15.75022009
1364,1364,15.76832432
1365,1365,15.78580524
1366,1366,15.80408833
1367,1367,15.93148801
1368,1368,16.07401003
1369,1369,15.99640518
1370,1370,15.98088084
1371,1371,15.96396185
1372,1372,15.95415199
1373,1373,16.13272882
1374,1374,16.13802068
1375,1375,16.2903922
1376,1376,16.32098747
1377,1377,16.32307691
1378,1378,16.32747896
1379,1379,16.2856365
1380,1380,16.32452208
1381,1381,16.38075206
1382,1382,16.09201079
1383,1383,16.09245255
1384,1384,16.16088279
1385,1385,16.12122049
1386,1386,16.05116734
1387,1387,16.02413403
1388,1388,16.04143295
1389,1389,15.98359972
1390,1390,15.94248079
1391,1391,16.04205881
1392,1392,16.04201481
1393,1393,16.11573502
1394,1394,16.07473092
1395,1395,15.90903879
1396,1396,15.72718798
1397,1397,15.67429811
1398,1398,15.73037574
1399,1399,15.71903269
1400,1400,15.71806322
1401,1401,15.73474648
1402,1402,15.78405508
1403,1403,15.75380833
1404,1404,15.72101055
1405,1405,15.75554294
1406,1406,15.75550558
1407,1407,15.67367524
1408,1408,15.64935578
1409,1409,15.64813329
1410,1410,15.64801865
1411,1411,15.59571602
1412,1412,15.57614775
1413,1413,15.58816082
1414,1414,15.58970199
1415,1415,15.60158299
1416,1416,15.65944393
1417,1417,15.60621625
1418,1418,15.60964004
1419,1419,15.66994333
1420,1420,15.66635767
1421,1421,15.63817874
1422,1422,15.61499915
1423,1423,15.68557502
1424,1424,15.74768748
1425,1425,15.73657787
1426,1426,15.80676038
1427,1427,15.81351287
1428,1428,15.85356172
1429,1429,15.84093782
1430,1430,15.84898882
1431,1431,15.86158607
1432,1432,15.87838893
1433,1433,15.97818028
1434,1434,16.00540428
1435,1435,16.09194826
1436,1436,16.09436558
1437,1437,16.08744978
1438,1438,16.09138148
1439,1439,16.13080473
1440,1440,16.1304892
1441,1441,15.93516055
1442,1442,15.89345076
1443,1443,15.88411208
1444,1444,15.78752305
1445,1445,15.795625
1446,1446,15.79924048
1447,1447,15.78363376
1448,1448,15.75869315
1449,1449,15.75269702
1450,1450,15.75620921
1451,1451,15.78791177
1452,1452,15.79906465
1453,1453,15.75895225
1454,1454,15.76310781
1455,1455,15.77566032
1456,1456,15.78219322
1457,1457,15.77944794
1458,1458,15.76756138
1459,1459,15.80984173
1460,1460,15.84677164
1461,1461,15.85144607
1462,1462,15.81272066
1463,1463,15.81438872
1464,1464,15.82953861
1465,1465,15.9076179
1466,1466,15.89942139
1467,1467,15.84013669
1468,1468,15.83710779
1469,1469,15.81676989
1470,1470,15.92246418
1471,1471,15.93749777
1472,1472,15.91148042
1473,1473,15.87370929
1474,1474,15.98719813
1475,1475,15.99357591
1476,1476,15.99419871
1477,1477,16.01636291
1478,1478,16.00209726
1479,1479,15.99410234
1480,1480,16.06381677
1481,1481,16.09444911
1482,1482,16.2507662
1483,1483,16.21565894
1484,1484,16.38478732
1485,1485,16.53037405
1486,1486,16.52894597
1487,1487,16.57583614
1488,1488,16.57967588
1489,1489,16.57808497
1490,1490,16.53096405
1491,1491,16.58586496
1492,1492,16.6286048
1493,1493,16.83333626
1494,1494,16.84332151
1495,1495,16.83708356
1496,1496,16.91201044
1497,1497,17.07127794
1498,1498,17.04703241
1499,1499,17.2806861
1500,1500,17.32792733
1501,1501,17.11928804
1502,1502,17.07543546
1503,1503,17.26168494
1504,1504,17.49374299
1505,1505,17.20469178
1506,1506,17.23191382
1507,1507,17.26771114
1508,1508,17.27266439
1509,1509,17.27320785
1510,1510,17.29724997
1511,1511,17.32213509
1512,1512,16.92014577
1513,1513,16.9734403
1514,1514,17.02405265
1515,1515,16.90134728
1516,1516,16.85629258
1517,1517,16.73662599
1518,1518,17.04003681
1519,1519,17.04541959
1520,1520,16.93385546
1521,1521,17.10004972
1522,1522,17.10318898
1523,1523,17.15087409
1524,1524,17.25858472
1525,1525,17.32173744
1526,1526,17.2540427
1527,1527,17.23624183
1528,1528,16.80782649
1529,1529,16.49597054
1530,1530,16.50742901
1531,1531,16.46977084
1532,1532,16.55130418
1533,1533,16.30703976
1534,1534,16.29180086
1535,1535,16.28989105
1536,1536,16.20738408
1537,1537,16.16488121
1538,1538,16.2770886
1539,1539,16.15074937
1540,1540,16.09352049
1541,1541,16.07055766
1542,1542,16.06417149
1543,1543,16.0655681
1544,1544,16.06999668
1545,1545,16.20834328
1546,1546,16.21216596
1547,1547,16.21277782
1548,1548,16.21419923
1549,1549,16.10237563
1550,1550,16.12752057
1551,1551,16.12583073
1552,1552,16.01063584
1553,1553,16.00670447
1554,1554,16.0232806
1555,1555,15.96030884
1556,1556,15.90684475
1557,1557,15.93649897
1558,1558,16.01165742
1559,1559,15.82938801
1560,1560,15.84113036
1561,1561,15.7049067
1562,1562,15.70547884
1563,1563,15.72871375
1564,1564,15.78154493
1565,1565,15.79888048
1566,1566,15.77644288
1567,1567,15.65851255
1568,1568,15.6980413
1569,1569,15.73760756
1570,1570,15.7020037
1571,1571,15.69899334
1572,1572,15.73754282
1573,1573,15.78585351
1574,1574,15.65910531
1575,1575,15.62390891
1576,1576,15.64964892
1577,1577,15.65043542
1578,1578,15.67396429
1579,1579,15.59886367
1580,1580,15.59070893
1581,1581,15.49434228
1582,1582,15.49753035
1583,1583,15.58430309
1584,1584,15.57955075
1585,1585,15.56615337
1586,1586,15.60206552
1587,1587,15.60593175
1588,1588,15.59777482
1589,1589,15.59089929
1590,1590,15.67507994
1591,1591,15.66324804
1592,1592,15.63623433
1593,1593,15.69579772
1594,1594,15.72034532
1595,1595,15.88213585
1596,1596,15.68357336
1597,1597,15.69600906
1598,1598,15.66988156
1599,1599,15.7568051
1600,1600,15.75509987
1601,1601,15.69912694
1602,1602,15.66599657
1603,1603,15.66438046
1604,1604,15.57744791
1605,1605,15.59482553
1606,1606,15.48981658
1607,1607,15.51070879
1608,1608,15.51161688
1609,1609,15.52312725
1610,1610,15.5060314
1611,1611,15.49706758
1612,1612,15.49891107
1613,1613,15.49966599
1614,1614,15.55286325
1615,1615,15.5487944
1616,1616,15.61998349
1617,1617,15.63933767
1618,1618,15.63305153
1619,1619,15.66009404
1620,1620,15.664164
1621,1621,15.56975968
1622,1622,15.6934566
1623,1623,15.76362717
1624,1624,15.78317079
1625,1625,15.65725312
1626,1626,15.73545192
1627,1627,15.69916302
1628,1628,15.66831341
1629,1629,15.66808387
1630,1630,15.67048171
1631,1631,15.68414815
1632,1632,15.68599765
1633,1633,15.80514049
1634,1634,15.93839972
1635,1635,15.89482705
1636,1636,15.93581791
1637,1637,15.91058205
1638,1638,15.93431384
1639,1639,15.93535942
1640,1640,16.14827008
1641,1641,16.02857865
1642,1642,16.10366987
1643,1643,16.10366744
1644,1644,16.10566599
1645,1645,16.10923142
1646,1646,16.07804468
1647,1647,16.04886518
1648,1648,16.02482586
1649,1649,16.03790256
1650,1650,15.94645797
1651,1651,15.8575264
1652,1652,15.71330698
1653,1653,15.69486855
1654,1654,15.65630201
1655,1655,15.68469918
1656,1656,15.68203247
1657,1657,15.64008515
1658,1658,15.63669431
1659,1659,15.63292378
1660,1660,15.63036295
1661,1661,15.57771807
1662,1662,15.57855769
1663,1663,15.61056122
1664,1664,15.62768662
1665,1665,15.61106531
1666,1666,15.68208746
1667,1667,15.62603982
1668,1668,15.62635583
1669,1669,15.6135438
1670,1670,15.60201177
1671,1671,15.63776136
1672,1672,15.63931604
1673,1673,15.59512951
1674,1674,15.58913497
1675,1675,15.62884697
1676,1676,15.6267847
1677,1677,15.62863893
1678,1678,15.66048064
1679,1679,15.67476635
1680,1680,15.73171746
1681,1681,15.75868534
1682,1682,15.76315934
1683,1683,15.75966182
1684,1684,15.70871457
1685,1685,15.74749475
1686,1686,15.75304195
1687,1687,15.8388383
1688,1688,15.83416868
1689,1689,15.82776032
1690,1690,15.79662526
1691,1691,15.81137724
1692,1692,15.79810073
1693,1693,15.80398908
1694,1694,15.71824895
1695,1695,15.72784226
1696,1696,15.73802937
1697,1697,15.6678441
1698,1698,15.66374172
1699,1699,15.65230107
1700,1700,15.65548524
1701,1701,15.66872862
1702,1702,15.66778628
1703,1703,15.66632648
1704,1704,15.66594396
1705,1705,15.67799211
1706,1706,15.65908195
1707,1707,15.67436466
1708,1708,15.69477322
1709,1709,15.71296284
1710,1710,15.69868611
1711,1711,15.69553518
1712,1712,15.7095994
1713,1713,15.71754796
1714,1714,15.77329157
1715,1715,15.77447926
1716,1716,15.7680288
1717,1717,15.82161875
1718,1718,15.81412983
1719,1719,15.85714803
1720,1720,16.01473619
1721,1721,16.03443999
1722,1722,16.0350728
1723,1723,15.99012293
1724,1724,15.81628025
1725,1725,15.80606564
1726,1726,15.79997236
1727,1727,15.78568881
1728,1728,15.61607992
1729,1729,15.67634222
1730,1730,15.65189899
1731,1731,15.62714008
1732,1732,15.55648441
1733,1733,15.57050937
1734,1734,15.64968619
1735,1735,15.58189623
1736,1736,15.60852433
1737,1737,15.61220691
1738,1738,15.61209042
1739,1739,15.71329559
1740,1740,15.6726912
1741,1741,15.66768509
1742,1742,15.61174238
1743,1743,15.51810952
1744,1744,15.60609314
1745,1745,15.5444716
1746,1746,15.54713803
1747,1747,15.54157054
1748,1748,15.52739537
1749,1749,15.52841789
1750,1750,15.54099505
1751,1751,15.54542945
1752,1752,15.55978583
1753,1753,15.55965893
1754,1754,15.55965922
